{"cameraMode":{"drawMode":0,"name":"Shaded","section":"Shading Mode"},"sceneLighting":true,"audioPlay":false,"sceneViewState":{"m_AlwaysRefresh":false,"showFog":true,"showSkybox":true,"showFlares":true,"showImageEffects":true,"showParticleSystems":true,"showVisualEffectGraphs":true,"m_FxEnabled":true},"in2DMode":false,"pivot":{"x":271.7679748535156,"y":229.99655151367188,"z":1.5504150390625},"rotation":{"x":-0.019188756123185159,"y":0.005125744733959436,"z":0.00009746009891387075,"w":0.9998016357421875},"size":375.66607666015627,"orthographic":false}